{"i":1000,"val_loss_history":[1.1526460043589],"val_loss_history_it":[1000],"forward_backward_times":{},"opt":{"max_epochs":50,"checkpoint_every":1000,"batch_size":50,"memory_benchmark":0,"init_from":"","grad_clip":5,"model_type":"lstm","lr_decay_every":5,"print_every":1,"wordvec_size":64,"seq_length":50,"input_json":"data\/congress-legislation-titles-108-115.json","num_layers":2,"input_h5":"data\/congress-legislation-titles-108-115.h5","reset_iterations":1,"rnn_size":128,"dropout":0,"checkpoint_name":"cv\/checkpoint","batchnorm":0,"learning_rate":0.002,"speed_benchmark":0,"gpu_backend":"cuda","lr_decay_factor":0.5,"gpu":0},"train_loss_history":[4.4266366958618,4.3449640274048,4.2456912994385,4.1068077087402,3.9419221878052,3.8105804920197,3.6937606334686,3.6118273735046,3.5742516517639,3.5792956352234,3.5449957847595,3.4721901416779,3.423552274704,3.4302313327789,3.4015831947327,3.4183714389801,3.3794479370117,3.3482313156128,3.3052155971527,3.2745130062103,3.240149974823,3.2466175556183,3.2311294078827,3.1786148548126,3.185849905014,3.1593806743622,3.1374094486237,3.0792400836945,3.0797064304352,3.0727498531342,2.9921185970306,3.009382724762,2.9909133911133,2.9923803806305,2.9068415164948,2.9172163009644,2.918021440506,2.9026091098785,2.8852849006653,2.8436439037323,2.8362512588501,2.827086687088,2.763249874115,2.7327537536621,2.7524070739746,2.6950056552887,2.6863391399384,2.6317296028137,2.6216268539429,2.5966749191284,2.5935316085815,2.6131575107574,2.5602617263794,2.5394411087036,2.5355749130249,2.5723879337311,2.5440711975098,2.5233104228973,2.5056707859039,2.4348521232605,2.4505455493927,2.4471473693848,2.4713108539581,2.4092028141022,2.3216867446899,2.3096005916595,2.3184592723846,2.285581111908,2.2730700969696,2.23970079422,2.3100402355194,2.2686102390289,2.2712030410767,2.2545471191406,2.31036901474,2.2259135246277,2.2645108699799,2.2166953086853,2.1238856315613,2.2086727619171,2.1683359146118,2.0830919742584,2.2133514881134,2.1415638923645,2.1355843544006,2.1603934764862,2.1113119125366,2.0479309558868,2.1161444187164,2.1183297634125,2.1638429164886,2.0969665050507,2.0818905830383,2.0371136665344,2.0564513206482,1.9887765645981,1.9744958877563,2.0704588890076,1.9810917377472,1.9544240236282,2.0520079135895,1.9368730783463,1.9744129180908,2.0509297847748,1.9550324678421,2.0238425731659,1.9999678134918,1.8936996459961,1.9930588006973,1.934700012207,1.8195431232452,1.9406517744064,1.9592199325562,1.8863158226013,1.9008921384811,1.8847337961197,1.8051360845566,1.9443616867065,1.9234454631805,1.8898845911026,1.9319639205933,1.8693228960037,1.8825078010559,1.9639564752579,1.9212136268616,1.8269933462143,1.9301271438599,1.8274204730988,1.8735914230347,1.8446164131165,1.903991818428,1.8998724222183,1.8171864748001,1.8753716945648,1.8437646627426,1.8818187713623,1.8254706859589,1.8276872634888,1.7272049188614,1.8654534816742,1.7710449695587,1.8477617502213,1.8100265264511,1.7932132482529,1.7991591691971,1.812335729599,1.8050218820572,1.820271730423,1.8276110887527,1.839780330658,1.7899940013885,1.9007360935211,1.7611490488052,1.8238843679428,1.7914038896561,1.8309599161148,1.8269339799881,1.8711013793945,1.7029484510422,1.7574068307877,1.676689863205,1.7339955568314,1.7121132612228,1.6988636255264,1.7883945703506,1.8305094242096,1.7415937185287,1.7341525554657,1.7005513906479,1.7078590393066,1.667765378952,1.6641070842743,1.6920105218887,1.6631006002426,1.8119893074036,1.7618181705475,1.7366390228271,1.73122382164,1.672119140625,1.6414703130722,1.7030317783356,1.6565937995911,1.6888095140457,1.7128655910492,1.6430716514587,1.6569613218307,1.6648355722427,1.6535390615463,1.6323499679565,1.6305696964264,1.6170824766159,1.616462469101,1.6865986585617,1.7065486907959,1.6262152194977,1.6462377309799,1.6243404150009,1.6499013900757,1.7257713079453,1.5997965335846,1.6077883243561,1.6022665500641,1.6398130655289,1.6327624320984,1.7147617340088,1.602942109108,1.6077435016632,1.5671858787537,1.550971031189,1.5262930393219,1.5923231840134,1.5938928127289,1.6141517162323,1.6961861848831,1.6631273031235,1.6960507631302,1.5780565738678,1.6125937700272,1.6137721538544,1.6199924945831,1.6222931146622,1.5957984924316,1.5618870258331,1.5785908699036,1.5692509412766,1.615660905838,1.5340796709061,1.5768276453018,1.4626522064209,1.5524591207504,1.5842691659927,1.5335285663605,1.5871274471283,1.6118003129959,1.5347572565079,1.5998592376709,1.5986480712891,1.5507447719574,1.5364102125168,1.5241448879242,1.5902913808823,1.5145808458328,1.5800598859787,1.5170539617538,1.5866687297821,1.5068826675415,1.6387296915054,1.5238897800446,1.5350036621094,1.4977874755859,1.4313786029816,1.4572726488113,1.5110886096954,1.4730665683746,1.4623090028763,1.4578783512115,1.5346740484238,1.4864432811737,1.5673515796661,1.4771982431412,1.523026227951,1.4600465297699,1.4959701299667,1.455711722374,1.4219317436218,1.5305564403534,1.5421806573868,1.4923778772354,1.5055731534958,1.4915014505386,1.5304579734802,1.5555686950684,1.5504850149155,1.4264235496521,1.4262331724167,1.4684917926788,1.4395208358765,1.4106069803238,1.4162087440491,1.4991954565048,1.4857747554779,1.5659073591232,1.4596301317215,1.5429451465607,1.5009390115738,1.5035948753357,1.4910973310471,1.5130822658539,1.4879752397537,1.5364657640457,1.5075078010559,1.5587446689606,1.5678341388702,1.5836505889893,1.5551236867905,1.5009121894836,1.4734498262405,1.4472357034683,1.484511256218,1.4296017885208,1.4826062917709,1.4612661600113,1.364839553833,1.4459847211838,1.4328961372375,1.5230586528778,1.5115262269974,1.552281498909,1.5492912530899,1.4631688594818,1.5428895950317,1.5429346561432,1.5314085483551,1.4627878665924,1.5255528688431,1.5252768993378,1.5503721237183,1.4879195690155,1.5521605014801,1.5048767328262,1.5083026885986,1.5181735754013,1.5550594329834,1.4607232809067,1.4627040624619,1.5021201372147,1.5492725372314,1.5124722719193,1.4983738660812,1.4679272174835,1.4503185749054,1.481053352356,1.4582575559616,1.4359194040298,1.4199184179306,1.4036644697189,1.4389572143555,1.4196224212646,1.5022306442261,1.4691668748856,1.4451854228973,1.4848366975784,1.4364392757416,1.4224090576172,1.3983478546143,1.4523383378983,1.3927510976791,1.3302835226059,1.5120568275452,1.5651648044586,1.3645268678665,1.4342192411423,1.4228509664536,1.4131554365158,1.4436928033829,1.4707428216934,1.4297660589218,1.4066783189774,1.4508785009384,1.459065079689,1.4925451278687,1.4892432689667,1.4788045883179,1.3653553724289,1.4053525924683,1.3327909708023,1.3635318279266,1.3880733251572,1.408808350563,1.3730955123901,1.3579754829407,1.4380904436111,1.3641848564148,1.349328994751,1.3407356739044,1.3353992700577,1.3469989299774,1.3296225070953,1.3756092786789,1.2875356674194,1.4077726602554,1.301176071167,1.3035871982574,1.280745267868,1.3896601200104,1.4164863824844,1.3801094293594,1.3882502317429,1.4126114845276,1.3080409765244,1.3566261529922,1.3842122554779,1.3324943780899,1.3095111846924,1.3307141065598,1.3939979076385,1.3359826803207,1.3824641704559,1.3036861419678,1.3409963846207,1.2738664150238,1.3171569108963,1.3635450601578,1.3265553712845,1.3418899774551,1.2606062889099,1.3995591402054,1.3093602657318,1.317621588707,1.2788294553757,1.2758886814117,1.2430999279022,1.3210282325745,1.214840054512,1.2248122692108,1.2479979991913,1.2537678480148,1.2843128442764,1.2503620386124,1.2044215202332,1.3687388896942,1.2993413209915,1.3213984966278,1.326987862587,1.2324270009995,1.2736833095551,1.2905828952789,1.2453299760818,1.2234772443771,1.2327159643173,1.2768597602844,1.2287510633469,1.2407534122467,1.2593706846237,1.2801398038864,1.241743683815,1.2484928369522,1.2452973127365,1.2164885997772,1.2266674041748,1.3162051439285,1.2407995462418,1.3382321596146,1.2145557403564,1.3274036645889,1.3176164627075,1.2869899272919,1.2913173437119,1.2575166225433,1.3185184001923,1.2347633838654,1.2856611013412,1.2715101242065,1.1949697732925,1.24897813797,1.3064398765564,1.2487514019012,1.2699203491211,1.2730724811554,1.2555203437805,1.2786306142807,